Using username "ec2-user".
Authenticating with public key "udacitykeypair2" from agent
Last login: Sun Sep 13 15:05:42 2020 from 213.55.244.43

       __|  __|_  )
       _|  (     /   Amazon Linux 2 AMI
      ___|\___|___|

https://aws.amazon.com/amazon-linux-2/
[ec2-user@ip-10-2-11-200 ~]$
[ec2-user@ip-10-2-11-200 ~]$ mysql -h udacityreplica2.cbcu5ijwtvs8.eu-west-3.rds.amazonaws.com -P 3306 -u admin -p
Enter password:
Welcome to the MariaDB monitor.  Commands end with ; or \g.
Your MySQL connection id is 308
Server version: 8.0.17 Source distribution

Copyright (c) 2000, 2018, Oracle, MariaDB Corporation Ab and others.

Type 'help;' or '\h' for help. Type '\c' to clear the current input statement.

MySQL [(none)]> use udacity
Database changed
MySQL [udacity]> SHOW TABLES
    -> Ctrl-C -- exit!
Aborted
[ec2-user@ip-10-2-11-200 ~]$ mysql -h udacityreplica2.cbcu5ijwtvs8.eu-west-3.rds.amazonaws.com -P 3306 -u admin -p
Enter password:
ERROR 2003 (HY000): Can't connect to MySQL server on 'udacityreplica2.cbcu5ijwtvs8.eu-west-3.rds.amazonaws.com' (111)
[ec2-user@ip-10-2-11-200 ~]$
[ec2-user@ip-10-2-11-200 ~]$
[ec2-user@ip-10-2-11-200 ~]$
[ec2-user@ip-10-2-11-200 ~]$
[ec2-user@ip-10-2-11-200 ~]$
[ec2-user@ip-10-2-11-200 ~]$
[ec2-user@ip-10-2-11-200 ~]$
[ec2-user@ip-10-2-11-200 ~]$
[ec2-user@ip-10-2-11-200 ~]$
[ec2-user@ip-10-2-11-200 ~]$
[ec2-user@ip-10-2-11-200 ~]$
[ec2-user@ip-10-2-11-200 ~]$
[ec2-user@ip-10-2-11-200 ~]$
[ec2-user@ip-10-2-11-200 ~]$
[ec2-user@ip-10-2-11-200 ~]$
[ec2-user@ip-10-2-11-200 ~]$
[ec2-user@ip-10-2-11-200 ~]$ mysql -h udacityreplica2.cbcu5ijwtvs8.eu-west-3.rds.amazonaws.com -P 3306 -u admin -p
Enter password:
Welcome to the MariaDB monitor.  Commands end with ; or \g.
Your MySQL connection id is 8
Server version: 8.0.17 Source distribution

Copyright (c) 2000, 2018, Oracle, MariaDB Corporation Ab and others.

Type 'help;' or '\h' for help. Type '\c' to clear the current input statement.

MySQL [(none)]> use udacity
Database changed
MySQL [udacity]> SHOW TABLES;
Empty set (0.01 sec)

MySQL [udacity]> CREATE TABLE userr(firstname VARCHAR(30) PRIMARY KEY,lastname VARCHAR(30));
Query OK, 0 rows affected (0.05 sec)

MySQL [udacity]> SHOW TABLES
    -> Ctrl-C -- exit!
Aborted
[ec2-user@ip-10-2-11-200 ~]$ mysql -h udacityreplica2.cbcu5ijwtvs8.eu-west-3.rds.amazonaws.com -P 3306 -u admin -p
Enter password:
Welcome to the MariaDB monitor.  Commands end with ; or \g.
Your MySQL connection id is 10
Server version: 8.0.17 Source distribution

Copyright (c) 2000, 2018, Oracle, MariaDB Corporation Ab and others.

Type 'help;' or '\h' for help. Type '\c' to clear the current input statement.

MySQL [(none)]> use udacity
Reading table information for completion of table and column names
You can turn off this feature to get a quicker startup with -A

Database changed
MySQL [udacity]> SHOW TABLES;
+-------------------+
| Tables_in_udacity |
+-------------------+
| userr             |
+-------------------+
1 row in set (0.00 sec)

MySQL [udacity]> INSERT INTO `userr` (`firstname`,`lastname`) VALUES ('Benjamin','Delavelle');
Query OK, 1 row affected (0.01 sec)

MySQL [udacity]> select firstname from userr
    -> Ctrl-C -- exit!
Aborted
[ec2-user@ip-10-2-11-200 ~]$ mysql -h udacityreplica2.cbcu5ijwtvs8.eu-west-3.rds.amazonaws.com -P 3306 -u admin -p
Enter password:
Welcome to the MariaDB monitor.  Commands end with ; or \g.
Your MySQL connection id is 11
Server version: 8.0.17 Source distribution

Copyright (c) 2000, 2018, Oracle, MariaDB Corporation Ab and others.

Type 'help;' or '\h' for help. Type '\c' to clear the current input statement.

MySQL [(none)]> use udacity
Reading table information for completion of table and column names
You can turn off this feature to get a quicker startup with -A

Database changed
MySQL [udacity]> SHOW TABLES;
+-------------------+
| Tables_in_udacity |
+-------------------+
| userr             |
+-------------------+
1 row in set (0.00 sec)

MySQL [udacity]> select firstname from userr;                                   +-----------+
| firstname |
+-----------+
| Benjamin  |
+-----------+
1 row in set (0.00 sec)

MySQL [udacity]>
